{"participant_0_random_condition": {"GT": 1.2611665617278054e-30, "EyeCatch": 46280.49589397605, "Oyekoya": 48666.72654472757, "Andrist": 54016.32510940816, "Goude": 51208.01983425079, "Jin": 49583.974622756374, "Itti": 55291.97575771414, "Pejsa": 55120.9118079165, "Proposed": 48640.068322012754, "Proposed_graph": 54557.606483238014}, "participant_1_random_condition": {"GT": 4.192510428212003e-31, "EyeCatch": 66958.68308709019, "Oyekoya": 60210.182659974795, "Andrist": 69704.36926109376, "Goude": 67929.28902320392, "Jin": 57706.34502072697, "Itti": 72142.64201299609, "Pejsa": 69991.57262046497, "Proposed": 63060.92096511767, "Proposed_graph": 69379.45943307581}}