{"participant_0_random_condition": {"GT": 1.2611665617278054e-30, "EyeCatch": 46280.49589397605, "Oyekoya": 48666.72654472757, "Andrist": 54016.32510940816, "Goude": 51208.01983425079, "Jin": 49583.974622756374, "Itti": 55291.97575771414, "Pejsa": 55120.9118079165, "Proposed": 48640.068322012754, "Proposed_graph": 54557.606483238014}}