{"participant_0_wackamole": {"GT": 6.376558514722475, "EyeCatch": 2147.302757419495, "Oyekoya": 2190.33296204978, "Andrist": 1502.4336999076481, "Goude": 2431.5802001410816, "Jin": 1824.6106963033558, "Itti": 754.5334282241723, "Pejsa": 880.492375887582, "Proposed": 2491.8526738960013, "Proposed_graph": 2148.59435652056}, "participant_1_wackamole": {"GT": 1.615523439076006, "EyeCatch": 2299.0538683794857, "Oyekoya": 2096.5589027794076, "Andrist": 2143.9513985873114, "Goude": 2945.9430905066947, "Jin": 1574.6247702192754, "Itti": 1483.1610803909646, "Pejsa": 1440.8413180226992, "Proposed": 2960.4092140994953, "Proposed_graph": 1955.7243074190396}, "participant_2_wackamole": {"GT": 0.6099975637006405, "EyeCatch": 2038.1738823639198, "Oyekoya": 1467.6079321186176, "Andrist": 3254.667425332597, "Goude": 2458.0777066706396, "Jin": 1238.9264606591842, "Itti": 1658.3005596936741, "Pejsa": 1399.2157838449677, "Proposed": 211931.7570006222, "Proposed_graph": 212582.4354448981}, "participant_3_wackamole": {"GT": 9.990880700582913, "EyeCatch": 2520.8888567030344, "Oyekoya": 2176.1421135014402, "Andrist": 3925.5438637814586, "Goude": 3042.399257121453, "Jin": 1785.6428022689033, "Itti": 1886.0136734222344, "Pejsa": 1894.866051777908, "Proposed": 2496.1099119728574, "Proposed_graph": 2176.046971835537}, "participant_4_wackamole": {"GT": 0.29759259923781906, "EyeCatch": 1440.9924347834572, "Oyekoya": 1911.1531472522734, "Andrist": 1596.7989434867504, "Goude": 3147.787038458263, "Jin": 1921.6332321608475, "Itti": 678.8909890321517, "Pejsa": 673.4034214683237, "Proposed": 5349.995261442163, "Proposed_graph": 1903.823146708871}, "participant_5_wackamole": {"GT": 3.424061320456139, "EyeCatch": 1568.4873270913354, "Oyekoya": 1597.9117713020487, "Andrist": 2573.18458157965, "Goude": 3047.8938819072237, "Jin": 3625.0476534623895, "Itti": 1247.54997802476, "Pejsa": 1202.0834039400515, "Proposed": 2972.09690130183, "Proposed_graph": 1535.3122753578998}, "participant_6_wackamole": {"GT": 43.44609214404734, "EyeCatch": 2797.854372417769, "Oyekoya": 2302.2165721973784, "Andrist": 3229.8386685849505, "Goude": 2917.265066188304, "Jin": 3799.4638499764105, "Itti": 2064.0255089767425, "Pejsa": 2325.956140394334, "Proposed": 4396.6391045856635, "Proposed_graph": 2296.4400172489695}, "participant_7_wackamole": {"GT": 2.177471094006025e-34, "EyeCatch": 1155.1081633703775, "Oyekoya": 1121.181233737076, "Andrist": 1708.1046456359352, "Goude": 2251.2905680800395, "Jin": 2024.1575689504778, "Itti": 1468.9192914402809, "Pejsa": 1339.6771811848666, "Proposed": 1598.9453345603044, "Proposed_graph": 1121.179934407456}, "participant_8_wackamole": {"GT": 1.556387030732299, "EyeCatch": 2609.875992997494, "Oyekoya": 3193.144774402395, "Andrist": 5273.983520457144, "Goude": 4916.175906154301, "Jin": 4426.882559599039, "Itti": 2009.7337518169065, "Pejsa": 1845.089189068805, "Proposed": 6169.801876508362, "Proposed_graph": 3168.9133884158764}, "participant_9_wackamole": {"GT": 23.124280632571903, "EyeCatch": 2552.236568132812, "Oyekoya": 2505.163476220192, "Andrist": 4712.398067564493, "Goude": 2958.721766118398, "Jin": 2508.2825550862685, "Itti": 1883.6567541545614, "Pejsa": 1876.802215447458, "Proposed": 3008.185033049432, "Proposed_graph": 2500.099034738002}, "participant_10_wackamole": {"GT": 74.24411321396988, "EyeCatch": 1696.1504964534781, "Oyekoya": 1971.134789749079, "Andrist": 2482.051138924582, "Goude": 1836.5206168647828, "Jin": 2845.3105458470955, "Itti": 1219.9580799485148, "Pejsa": 1209.753629245195, "Proposed": 2744.940528419081, "Proposed_graph": 1967.2490450207265}, "participant_11_wackamole": {"GT": 0.03244812682917342, "EyeCatch": 1810.1601300247655, "Oyekoya": 1739.5223408207894, "Andrist": 3679.6558224735986, "Goude": 2678.706046649756, "Jin": 1921.470649217818, "Itti": 1545.4180982171617, "Pejsa": 1604.2554449030633, "Proposed": 4449.959769088639, "Proposed_graph": 1732.3830090400604}, "participant_12_wackamole": {"GT": 24.464563974349407, "EyeCatch": 2394.3243926020814, "Oyekoya": 1361.9209162025036, "Andrist": 3112.9158279954504, "Goude": 2089.2565198523293, "Jin": 2114.9753416905537, "Itti": 1388.1569155459595, "Pejsa": 1391.4593955708374, "Proposed": 3288.758557736487, "Proposed_graph": 1356.356660863348}}