{"participant_0_random_condition": {"GT": 1.116377478713943e-34, "EyeCatch": 284.01539121863397, "Oyekoya": 942.304652247469, "Andrist": 434.99001938378984, "Goude": 624.223974420778, "Jin": 764.725745457949, "Itti": 334.8148976006271, "Pejsa": 325.1543830417759, "Proposed": 628.1237423942652, "Proposed_graph": 263.0572786188639}, "participant_1_random_condition": {"GT": 6.240134747741207e-35, "EyeCatch": 262.40910129258475, "Oyekoya": 894.9343162693999, "Andrist": 377.95096577383725, "Goude": 708.8335513383032, "Jin": 1335.434105612798, "Itti": 296.7718403340601, "Pejsa": 255.18568592035263, "Proposed": 488.7344834685592, "Proposed_graph": 227.40816775000823}}