{"participant_0_random_condition": {"GT": 1.116377478713943e-34, "EyeCatch": 284.01539121863397, "Oyekoya": 942.304652247469, "Andrist": 434.99001938378984, "Goude": 464.5926937478341, "Jin": 764.725745457949, "Itti": 334.8148976006271, "Pejsa": 325.1543830417759, "Proposed": 628.1237423942652, "Proposed_graph": 942.2869959871141}, "participant_1_random_condition": {"GT": 6.240134747741207e-35, "EyeCatch": 262.40910129258475, "Oyekoya": 894.9343162693999, "Andrist": 377.95096577383725, "Goude": 761.8574220969269, "Jin": 1335.434105612798, "Itti": 296.7718403340601, "Pejsa": 255.18568592035263, "Proposed": 488.7344834685592, "Proposed_graph": 894.9311806499284}, "participant_2_random_condition": {"GT": 9.897823418369835e-35, "EyeCatch": 1043.4523396934428, "Oyekoya": 1145.1261259374637, "Andrist": 625.9570378612037, "Goude": 786.3861260343986, "Jin": 1126.002184438111, "Itti": 457.7802206430621, "Pejsa": 462.20172449322774, "Proposed": 964.560005746759, "Proposed_graph": 1144.5265331573053}}