{"participant_0_random_condition": {"GT": 1.116377478713943e-34, "EyeCatch": 284.01539121863397, "Oyekoya": 942.304652247469, "Andrist": 434.99001938378984, "Goude": 464.5926937478341, "Jin": 764.725745457949, "Itti": 334.8148976006271, "Pejsa": 325.1543830417759, "Proposed": 628.1237423942652, "Proposed_graph": 942.2869959871141}, "participant_1_random_condition": {"GT": 6.240134747741207e-35, "EyeCatch": 262.40910129258475, "Oyekoya": 894.9343162693999, "Andrist": 377.95096577383725, "Goude": 761.8574220969269, "Jin": 1335.434105612798, "Itti": 296.7718403340601, "Pejsa": 255.18568592035263, "Proposed": 488.7344834685592, "Proposed_graph": 894.9311806499284}, "participant_2_random_condition": {"GT": 9.897823418369835e-35, "EyeCatch": 1043.4523396934428, "Oyekoya": 1145.1261259374637, "Andrist": 625.9570378612037, "Goude": 786.3861260343986, "Jin": 1126.002184438111, "Itti": 457.7802206430621, "Pejsa": 462.20172449322774, "Proposed": 964.560005746759, "Proposed_graph": 1144.5265331573053}, "participant_3_random_condition": {"GT": 1.4784970484674388e-34, "EyeCatch": 762.4554594347456, "Oyekoya": 1184.8250740829446, "Andrist": 1021.3829988971316, "Goude": 1175.1375846504056, "Jin": 791.0449347947208, "Itti": 569.1223838847794, "Pejsa": 700.3741876066849, "Proposed": 893.7595921584767, "Proposed_graph": 1173.5634575215408}, "participant_4_random_condition": {"GT": 9.513672188788772e-35, "EyeCatch": 900.8842155799852, "Oyekoya": 909.6141046170352, "Andrist": 471.21642664693445, "Goude": 689.3665200411504, "Jin": 948.6503573459088, "Itti": 522.2541530971858, "Pejsa": 463.9657806010063, "Proposed": 702.7842572402681, "Proposed_graph": 907.6067435821194}, "participant_5_random_condition": {"GT": 8.187562043483221e-35, "EyeCatch": 1008.3146327275767, "Oyekoya": 997.7147436843994, "Andrist": 584.6002744473466, "Goude": 625.153249707419, "Jin": 2428.205289059403, "Itti": 401.8197923293419, "Pejsa": 419.3411156714438, "Proposed": 765.6992397277578, "Proposed_graph": 997.8386106461085}, "participant_6_random_condition": {"GT": 8.738322567607065e-35, "EyeCatch": 401.1094352346003, "Oyekoya": 1051.719021806351, "Andrist": 564.1325317841522, "Goude": 661.8151131146292, "Jin": 522.5277172592864, "Itti": 354.3816661677634, "Pejsa": 399.0098264611149, "Proposed": 760.8854659290288, "Proposed_graph": 1051.791611454164}, "participant_7_random_condition": {"GT": 2.1647038003806711e-35, "EyeCatch": 313.31340609441594, "Oyekoya": 800.1589810551221, "Andrist": 544.1388120108878, "Goude": 757.4203200509432, "Jin": 688.4371787633914, "Itti": 397.2360866800703, "Pejsa": 383.78159456831077, "Proposed": 679.9266032458413, "Proposed_graph": 800.1296443728156}, "participant_8_random_condition": {"GT": 1.0674441722477501e-34, "EyeCatch": 381.369211226221, "Oyekoya": 1100.7221531213122, "Andrist": 523.8210455268993, "Goude": 716.721594709234, "Jin": 431.3433531571251, "Itti": 504.20924705207875, "Pejsa": 457.17323289859013, "Proposed": 753.294266889363, "Proposed_graph": 1097.7907859018987}, "participant_9_random_condition": {"GT": 3.636689116073459e-35, "EyeCatch": 272.5483651784143, "Oyekoya": 886.2409638905926, "Andrist": 351.92049800525143, "Goude": 716.6375611086587, "Jin": 770.1752613071177, "Itti": 339.2289516031745, "Pejsa": 292.09820428112204, "Proposed": 657.1922653828946, "Proposed_graph": 877.9213645496095}, "participant_10_random_condition": {"GT": 0.20387535214421268, "EyeCatch": 459.77542057075834, "Oyekoya": 1312.360886981974, "Andrist": 834.5249043425574, "Goude": 977.9496256920662, "Jin": 1029.563811238983, "Itti": 559.0912736062402, "Pejsa": 748.743646763953, "Proposed": 1350.343663690916, "Proposed_graph": 1312.5201677722027}, "participant_11_random_condition": {"GT": 2.480669522534686e-35, "EyeCatch": 283.2161220774345, "Oyekoya": 850.5989911273881, "Andrist": 370.6772013897765, "Goude": 653.5426881884323, "Jin": 367.00174742083647, "Itti": 326.6909981056153, "Pejsa": 295.1610358399159, "Proposed": 653.6371522790852, "Proposed_graph": 850.574495754108}, "participant_12_random_condition": {"GT": 3.7622161844730475e-35, "EyeCatch": 767.8145018940362, "Oyekoya": 1176.3380981630912, "Andrist": 435.8332406783427, "Goude": 755.4893257810794, "Jin": 820.1396971947329, "Itti": 453.4438785416645, "Pejsa": 433.1855728484549, "Proposed": 823.0542720023255, "Proposed_graph": 1173.691338144219}, "participant_13_random_condition": {"GT": 1.1525611876732327e-35, "EyeCatch": 860.6293873402861, "Oyekoya": 975.701181215233, "Andrist": 186.16098862739338, "Goude": 750.0193858097193, "Jin": 780.2806138448395, "Itti": 250.59519177851143, "Pejsa": 173.55482385641847, "Proposed": 604.6655610446584, "Proposed_graph": 968.5725904491557}, "participant_14_random_condition": {"GT": 2.766766120677424e-35, "EyeCatch": 239.86137349836596, "Oyekoya": 973.5739775523392, "Andrist": 350.52183423704435, "Goude": 496.6808829592995, "Jin": 792.2022093673468, "Itti": 264.74235034394536, "Pejsa": 233.68865181312378, "Proposed": 771.519520952579, "Proposed_graph": 967.1316456148691}}