{"participant_4_random_condition": {"GT": 6.7554828977238356e-31, "EyeCatch": 60691.5001472254, "Oyekoya": 57165.233187828715, "Andrist": 68186.76445363066, "Goude": 64189.07922387791, "Jin": 55568.68940025761, "Itti": 69002.00606287528, "Pejsa": 66836.03484212661, "Proposed": 58745.84499048738, "Proposed_graph": 65477.571082148235}, "participant_5_random_condition": {"GT": 5.967125282633685e-31, "EyeCatch": 51479.75281050989, "Oyekoya": 53992.66797221953, "Andrist": 56951.406179058096, "Goude": 60630.591477597154, "Jin": 44805.00295959299, "Itti": 63590.950043939, "Pejsa": 62470.453066617905, "Proposed": 55091.764681163404, "Proposed_graph": 61960.9870920028}}