{"participant_1_double_look_condition_pilot": {"GT": 9.785476692841465e-36, "EyeCatch": 126.71725081612723, "Oyekoya": 422.4665748868959, "Andrist": 99.91124086908464, "Goude": 454.32298024892646, "Jin": 125.46760611607951, "Itti": 93.29496931002689, "Pejsa": 92.0536475852048, "Proposed": 633.4556949879224, "Proposed_graph": 64.75532628622219}, "participant_1_onward_condition_pilot": {"GT": 9.055477349002756e-35, "EyeCatch": 770.2626715624527, "Oyekoya": 805.863615554437, "Andrist": 277.18129958148336, "Goude": 1533.243628922678, "Jin": 395.99303192794, "Itti": 173.48062350369094, "Pejsa": 214.84731757848448, "Proposed": 492.62643352397635, "Proposed_graph": 172.59332455866252}, "participant_1_random_condition": {"GT": 1.4786044831089677e-34, "EyeCatch": 1178.642399489115, "Oyekoya": 1021.303590767756, "Andrist": 1264.6201366924165, "Goude": 1456.4783091037855, "Jin": 675.6073963001683, "Itti": 727.3849924655295, "Pejsa": 749.253067648339, "Proposed": 719.4802107624479, "Proposed_graph": 533.2852927607229}, "participant_1_tennis_condition_pilot": {"GT": 3.447661211549462e-35, "EyeCatch": 207.18683890341825, "Oyekoya": 377.7338639531783, "Andrist": 251.02037429012574, "Goude": 385.22200387864484, "Jin": 2370.84219262672, "Itti": 255.68839449717564, "Pejsa": 202.40450989398224, "Proposed": 404.642414731199, "Proposed_graph": 196.02102507791855}}