{"participant_2_double_look_condition_pilot": {"GT": 3.1979182404261115e-36, "EyeCatch": 177.40345893586755, "Oyekoya": 227.56212390878517, "Andrist": 98.6568374420167, "Goude": 453.37903638179006, "Jin": 317.58659470060604, "Itti": 111.03929563921315, "Pejsa": 98.21578476594402, "Proposed": 80.38336759088699, "Proposed_graph": 74.2763808723631}, "participant_2_onward_condition_pilot": {"GT": 2.510230283138715e-35, "EyeCatch": 322.5437100816204, "Oyekoya": 394.38078460516385, "Andrist": 165.04689120715668, "Goude": 1297.0974381198348, "Jin": 184.73948713871158, "Itti": 94.4527150374095, "Pejsa": 108.50094373988856, "Proposed": 173.57499025075165, "Proposed_graph": 107.1197026532487}, "participant_2_random_condition": {"GT": 3.1317778722372777e-35, "EyeCatch": 375.4537190144678, "Oyekoya": 390.30221562563287, "Andrist": 262.56589364640075, "Goude": 860.7205126572018, "Jin": 374.40151644775017, "Itti": 291.0239168872264, "Pejsa": 252.35700879392735, "Proposed": 217.20485295935137, "Proposed_graph": 180.4993199232337}, "participant_2_tennis_condition_pilot": {"GT": 3.0013222358720786e-37, "EyeCatch": 370.9662232575268, "Oyekoya": 245.62419849284845, "Andrist": 106.23568449887243, "Goude": 160.3321378986841, "Jin": 335.6319808720121, "Itti": 164.89578018853118, "Pejsa": 114.5716241441584, "Proposed": 237.51505254876253, "Proposed_graph": 88.14434065985954}}