{"participant_0_wackamole": {"GT": 6.376558514722475, "EyeCatch": 2147.302757419495, "Oyekoya": 2190.33296204978, "Andrist": 1502.4336999076481, "Goude": 2431.5802001410816, "Jin": 1824.6106963033558, "Itti": 754.5334282241723, "Pejsa": 880.492375887582, "Proposed": 2491.8526738960013, "Proposed_graph": 2148.59435652056}}