{"participant_0_see_through_task": {"GT": 4.765822648661102e-36, "EyeCatch": 167.22307632227233, "Oyekoya": 62.23414016006458, "Andrist": 60.2375580839601, "Goude": 69.75611104478455, "Jin": 723.6309119732426, "Itti": 79.64476107327421, "Pejsa": 90.27271404848588, "Proposed": 78.03327924931318, "Proposed_graph": 62.21256713655198}, "participant_1_see_through_task": {"GT": 7.950175209028837e-38, "EyeCatch": 303.60601085117395, "Oyekoya": 693.9412274480962, "Andrist": 183.96104112845413, "Goude": 355.3062348224339, "Jin": 210.13574894193883, "Itti": 105.35178035126397, "Pejsa": 203.99674847770436, "Proposed": 468.5817579825845, "Proposed_graph": 694.1861282619132}, "participant_2_see_through_task": {"GT": 1.0430362928433887e-35, "EyeCatch": 940.8377515021014, "Oyekoya": 86.52403166492591, "Andrist": 667.4066867419608, "Goude": 947.5556818198003, "Jin": 639.0618268338616, "Itti": 987.4992740797663, "Pejsa": 772.5979100829646, "Proposed": 529.5715998177401, "Proposed_graph": 86.02772813629699}, "participant_3_see_through_task": {"GT": 7.80826162636823e-36, "EyeCatch": 461.20516497805824, "Oyekoya": 398.497864315625, "Andrist": 250.0059511252018, "Goude": 361.76452551270745, "Jin": 532.9665999687943, "Itti": 265.3344114104812, "Pejsa": 256.05545800025305, "Proposed": 289.2861546912662, "Proposed_graph": 399.16723336824566}, "participant_4_see_through_task": {"GT": 6.960618995759112e-36, "EyeCatch": 249.19545114643128, "Oyekoya": 489.0423888068364, "Andrist": 235.43134754933052, "Goude": 337.6354105125239, "Jin": 633.309889915491, "Itti": 281.27307158432063, "Pejsa": 209.93123613178233, "Proposed": 160.4712826910932, "Proposed_graph": 488.46203892718535}, "participant_5_see_through_task": {"GT": 8.995886913030121e-36, "EyeCatch": 442.19629404451393, "Oyekoya": 90.94981032800592, "Andrist": 367.5352190635881, "Goude": 586.8298132145403, "Jin": 299.0743801114471, "Itti": 465.0465312110398, "Pejsa": 382.57732965258845, "Proposed": 169.96455150368976, "Proposed_graph": 90.95727632865027}, "participant_6_see_through_task": {"GT": 1.1922996085635633e-36, "EyeCatch": 981.6115885961306, "Oyekoya": 125.91093545222509, "Andrist": 2258.9269739728475, "Goude": 2150.2160091829082, "Jin": 725.7923905917138, "Itti": 2589.074981939371, "Pejsa": 2409.9534177299015, "Proposed": 299.91720769488927, "Proposed_graph": 125.77227397283984}, "participant_7_see_through_task": {"GT": 0.0, "EyeCatch": 97.13492911433353, "Oyekoya": 40.13001411460599, "Andrist": 43.918054989975964, "Goude": 40.13001411460599, "Jin": 104.88379913455704, "Itti": 85.6827853118746, "Pejsa": 37.57183550993644, "Proposed": 14.955080740760312, "Proposed_graph": 39.492742531124655}}