{"participant_0_random_condition": {"GT": 1.2611665617278054e-30, "EyeCatch": 46280.49589397605, "Oyekoya": 48666.72654472757, "Andrist": 54016.32510940816, "Goude": 51208.01983425079, "Jin": 49583.974622756374, "Itti": 55291.97575771414, "Pejsa": 55120.9118079165, "Proposed": 48640.068322012754, "Proposed_graph": 54557.606483238014}, "participant_1_random_condition": {"GT": 4.192510428212003e-31, "EyeCatch": 66958.68308709019, "Oyekoya": 60210.182659974795, "Andrist": 69704.36926109376, "Goude": 67929.28902320392, "Jin": 57706.34502072697, "Itti": 72142.64201299609, "Pejsa": 69991.57262046497, "Proposed": 63060.92096511767, "Proposed_graph": 69379.45943307581}, "participant_2_random_condition": {"GT": 8.92041149014563e-31, "EyeCatch": 57625.717013423346, "Oyekoya": 58184.64229431914, "Andrist": 66207.22843545619, "Goude": 67058.88829462239, "Jin": 54833.4874776441, "Itti": 70277.20364473542, "Pejsa": 69957.12905904531, "Proposed": 57136.454900422905, "Proposed_graph": 68107.57602047491}, "participant_3_random_condition": {"GT": 9.613859401833206e-31, "EyeCatch": 55384.28013855975, "Oyekoya": 53845.97303430394, "Andrist": 60910.71121166784, "Goude": 63062.678603679786, "Jin": 58095.00706639064, "Itti": 62537.46993214101, "Pejsa": 62001.33592072733, "Proposed": 56285.189866318906, "Proposed_graph": 61300.89916366852}}