{"participant_0_double_look_condition_pilot": {"GT": 79.09113730965892, "EyeCatch": 254.9618652404565, "Oyekoya": 316.3645492386357, "Andrist": 243.14859671745808, "Goude": 1322.399197093667, "Jin": 567.1587788916935, "Itti": 298.0221068195921, "Pejsa": 216.3439836792215, "Proposed": 165.8437858112845, "Proposed_graph": 214.1006669880247}, "participant_0_onward_condition_pilot": {"GT": 202.07052894709335, "EyeCatch": 543.4055072318608, "Oyekoya": 808.2821157883735, "Andrist": 573.3284171377873, "Goude": 2816.6000620111304, "Jin": 585.5901048607096, "Itti": 440.5094843314577, "Pejsa": 424.1587734893237, "Proposed": 474.4273237304413, "Proposed_graph": 439.5819900127471}, "participant_0_random_condition": {"GT": 298.72497019241507, "EyeCatch": 1409.9035695332047, "Oyekoya": 1194.8998807696603, "Andrist": 1188.8034747887457, "Goude": 2402.7530987534956, "Jin": 1398.6800010870747, "Itti": 1279.0509412101283, "Pejsa": 1157.875970073428, "Proposed": 875.2086740689629, "Proposed_graph": 869.4563176608457}, "participant_0_tennis_condition_pilot": {"GT": 42.31496207525783, "EyeCatch": 324.06467550624814, "Oyekoya": 169.25984830103133, "Andrist": 649.8644961889981, "Goude": 1058.9940061686902, "Jin": 658.9160972600781, "Itti": 765.8680280355867, "Pejsa": 574.806120006036, "Proposed": 1012.0804973185508, "Proposed_graph": 476.797773009964}}