{"participant_4_random_condition": {"GT": 6.7554828977238356e-31, "EyeCatch": 60691.5001472254, "Oyekoya": 57165.233187828715, "Andrist": 68186.76445363066, "Goude": 64189.07922387791, "Jin": 55568.68940025761, "Itti": 69002.00606287528, "Pejsa": 66836.03484212661, "Proposed": 58745.84499048738, "Proposed_graph": 65477.571082148235}, "participant_5_random_condition": {"GT": 5.967125282633685e-31, "EyeCatch": 51479.75281050989, "Oyekoya": 53992.66797221953, "Andrist": 56951.406179058096, "Goude": 60630.591477597154, "Jin": 44805.00295959299, "Itti": 63590.950043939, "Pejsa": 62470.453066617905, "Proposed": 55091.764681163404, "Proposed_graph": 61960.9870920028}, "participant_6_random_condition": {"GT": 1.2521438311276421e-30, "EyeCatch": 65828.93207780187, "Oyekoya": 57217.32731516612, "Andrist": 62606.00629365957, "Goude": 64887.67982360449, "Jin": 54385.00801464198, "Itti": 66039.4529682899, "Pejsa": 64134.65489563561, "Proposed": 58205.49840658867, "Proposed_graph": 65055.0118118667}, "participant_7_random_condition": {"GT": 3.9231575180493203e-31, "EyeCatch": 55257.3837439731, "Oyekoya": 46226.88637775191, "Andrist": 52827.73450551385, "Goude": 50346.92343880779, "Jin": 50721.776916135255, "Itti": 54029.61808466133, "Pejsa": 53389.15246181903, "Proposed": 44604.80593392311, "Proposed_graph": 51979.89368355631}, "participant_8_random_condition": {"GT": 2.9089331546925155e-31, "EyeCatch": 63041.911371784576, "Oyekoya": 56817.95499498087, "Andrist": 61529.875067626184, "Goude": 61954.16162594372, "Jin": 56495.908559848, "Itti": 67112.15826005561, "Pejsa": 65674.11513550695, "Proposed": 56286.64696070568, "Proposed_graph": 64750.74147394607}}