{"participant_4_random_condition": {"GT": 6.7554828977238356e-31, "EyeCatch": 60691.5001472254, "Oyekoya": 57165.233187828715, "Andrist": 68186.76445363066, "Goude": 64189.07922387791, "Jin": 55568.68940025761, "Itti": 69002.00606287528, "Pejsa": 66836.03484212661, "Proposed": 58745.84499048738, "Proposed_graph": 65477.571082148235}, "participant_5_random_condition": {"GT": 5.967125282633685e-31, "EyeCatch": 51479.75281050989, "Oyekoya": 53992.66797221953, "Andrist": 56951.406179058096, "Goude": 60630.591477597154, "Jin": 44805.00295959299, "Itti": 63590.950043939, "Pejsa": 62470.453066617905, "Proposed": 55091.764681163404, "Proposed_graph": 61960.9870920028}, "participant_6_random_condition": {"GT": 1.2521438311276421e-30, "EyeCatch": 65828.93207780187, "Oyekoya": 57217.32731516612, "Andrist": 62606.00629365957, "Goude": 64887.67982360449, "Jin": 54385.00801464198, "Itti": 66039.4529682899, "Pejsa": 64134.65489563561, "Proposed": 58205.49840658867, "Proposed_graph": 65055.0118118667}, "participant_7_random_condition": {"GT": 3.9231575180493203e-31, "EyeCatch": 55257.3837439731, "Oyekoya": 46226.88637775191, "Andrist": 52827.73450551385, "Goude": 50346.92343880779, "Jin": 50721.776916135255, "Itti": 54029.61808466133, "Pejsa": 53389.15246181903, "Proposed": 44604.80593392311, "Proposed_graph": 51979.89368355631}, "participant_8_random_condition": {"GT": 2.9089331546925155e-31, "EyeCatch": 63041.911371784576, "Oyekoya": 56817.95499498087, "Andrist": 61529.875067626184, "Goude": 61954.16162594372, "Jin": 56495.908559848, "Itti": 67112.15826005561, "Pejsa": 65674.11513550695, "Proposed": 56286.64696070568, "Proposed_graph": 64750.74147394607}, "participant_9_random_condition": {"GT": 3.5399531855859046e-31, "EyeCatch": 56623.42663500979, "Oyekoya": 53097.6827750629, "Andrist": 63502.47134876424, "Goude": 60345.712602684085, "Jin": 57374.2244291975, "Itti": 63512.57244613537, "Pejsa": 61784.815602048104, "Proposed": 53241.87275982628, "Proposed_graph": 61275.9244343061}, "participant_10_random_condition": {"GT": 9.380393469988728e-31, "EyeCatch": 73340.88928870263, "Oyekoya": 63272.180206102414, "Andrist": 65977.51435932629, "Goude": 67319.4738128369, "Jin": 63907.11940669179, "Itti": 69170.69762276456, "Pejsa": 68726.8548038557, "Proposed": 62017.981259101085, "Proposed_graph": 69429.90926227547}, "participant_11_random_condition": {"GT": 3.113048980533806e-31, "EyeCatch": 60743.59873936455, "Oyekoya": 51247.350742668175, "Andrist": 59442.806397249304, "Goude": 58986.71915469656, "Jin": 60055.31867618476, "Itti": 59533.45953575936, "Pejsa": 59177.92940706992, "Proposed": 51878.94114833331, "Proposed_graph": 58942.39046579553}, "participant_12_random_condition": {"GT": 4.295753630441586e-31, "EyeCatch": 56268.969823604115, "Oyekoya": 52147.00486998795, "Andrist": 54512.264827400744, "Goude": 56902.193727125916, "Jin": 53800.542724114675, "Itti": 61962.99636471121, "Pejsa": 61617.41186965629, "Proposed": 54247.83747005134, "Proposed_graph": 60089.15347405251}, "participant_13_random_condition": {"GT": 1.2491679514074944e-32, "EyeCatch": 47332.37559803921, "Oyekoya": 49980.88342187913, "Andrist": 56381.13613313717, "Goude": 57088.32828464324, "Jin": 54324.97022836632, "Itti": 59715.89841397674, "Pejsa": 57624.802445386355, "Proposed": 50592.49674819617, "Proposed_graph": 57999.43961415995}, "participant_14_random_condition": {"GT": 3.0930663040705288e-31, "EyeCatch": 61945.67198828327, "Oyekoya": 51895.22454541839, "Andrist": 60689.17346624488, "Goude": 58685.25124284679, "Jin": 49613.08324625778, "Itti": 62014.56047903485, "Pejsa": 59047.5276146585, "Proposed": 52146.269176744805, "Proposed_graph": 60240.06983029632}}