{"participant_0_random_condition": {"GT": 1.116377478713943e-34, "EyeCatch": 284.01539121863397, "Oyekoya": 942.304652247469, "Andrist": 434.99001938378984, "Goude": 624.223974420778, "Jin": 764.725745457949, "Itti": 334.8148976006271, "Pejsa": 325.1543830417759, "Proposed": 628.1237423942652, "Proposed_graph": 263.0572786188639}, "participant_1_random_condition": {"GT": 6.240134747741207e-35, "EyeCatch": 262.40910129258475, "Oyekoya": 894.9343162693999, "Andrist": 377.95096577383725, "Goude": 708.8335513383032, "Jin": 1335.434105612798, "Itti": 296.7718403340601, "Pejsa": 255.18568592035263, "Proposed": 488.7344834685592, "Proposed_graph": 227.40816775000823}, "participant_2_random_condition": {"GT": 9.897823418369835e-35, "EyeCatch": 1043.4523396934428, "Oyekoya": 1145.1261259374637, "Andrist": 625.9570378612037, "Goude": 942.2814552729808, "Jin": 1126.002184438111, "Itti": 457.7802206430621, "Pejsa": 462.20172449322774, "Proposed": 964.560005746759, "Proposed_graph": 385.7493267684268}, "participant_3_random_condition": {"GT": 1.4784970484674388e-34, "EyeCatch": 762.4554594347456, "Oyekoya": 1184.8250740829446, "Andrist": 1021.3829988971316, "Goude": 1237.8544537466332, "Jin": 791.0449347947208, "Itti": 569.1223838847794, "Pejsa": 700.3741876066849, "Proposed": 893.7595921584767, "Proposed_graph": 514.5453114113594}, "participant_4_random_condition": {"GT": 9.513672188788772e-35, "EyeCatch": 900.8842155799852, "Oyekoya": 909.6141046170352, "Andrist": 471.21642664693445, "Goude": 1157.0765534860675, "Jin": 948.6503573459088, "Itti": 522.2541530971858, "Pejsa": 463.9657806010063, "Proposed": 702.7842572402681, "Proposed_graph": 368.1819702211251}, "participant_5_random_condition": {"GT": 8.187562043483221e-35, "EyeCatch": 1008.3146327275767, "Oyekoya": 997.7147436843994, "Andrist": 584.6002744473466, "Goude": 713.3801135434866, "Jin": 2428.205289059403, "Itti": 401.8197923293419, "Pejsa": 419.3411156714438, "Proposed": 765.6992397277578, "Proposed_graph": 325.0535792913079}, "participant_6_random_condition": {"GT": 8.738322567607065e-35, "EyeCatch": 401.1094352346003, "Oyekoya": 1051.719021806351, "Andrist": 564.1325317841522, "Goude": 764.3517688327071, "Jin": 522.5277172592864, "Itti": 354.3816661677634, "Pejsa": 399.0098264611149, "Proposed": 760.8854659290288, "Proposed_graph": 282.4845710788662}, "participant_7_random_condition": {"GT": 2.1647038003806711e-35, "EyeCatch": 313.31340609441594, "Oyekoya": 800.1589810551221, "Andrist": 544.1388120108878, "Goude": 666.48977886986, "Jin": 688.4371787633914, "Itti": 397.2360866800703, "Pejsa": 383.78159456831077, "Proposed": 679.9266032458413, "Proposed_graph": 296.268990340467}, "participant_8_random_condition": {"GT": 1.0674441722477501e-34, "EyeCatch": 381.369211226221, "Oyekoya": 1100.7221531213122, "Andrist": 523.8210455268993, "Goude": 1387.2905221911778, "Jin": 431.3433531571251, "Itti": 504.20924705207875, "Pejsa": 457.17323289859013, "Proposed": 753.294266889363, "Proposed_graph": 345.82848905440875}}