{"participant_2_double_look_condition_pilot": {"GT": 56.89053097719629, "EyeCatch": 381.24085524441125, "Oyekoya": 227.56212390878517, "Andrist": 366.548914945448, "Goude": 487.4334983671755, "Jin": 639.2607854877652, "Itti": 421.730196725489, "Pejsa": 361.36207461450516, "Proposed": 131.09010844956154, "Proposed_graph": 284.16262221499056}, "participant_2_onward_condition_pilot": {"GT": 98.59519615129096, "EyeCatch": 633.9877412078138, "Oyekoya": 394.38078460516385, "Andrist": 418.20142819932147, "Goude": 2165.8012913884786, "Jin": 300.71463930038504, "Itti": 415.1084192821542, "Pejsa": 339.2981850896928, "Proposed": 195.50031149804354, "Proposed_graph": 355.0319394221983}, "participant_2_random_condition": {"GT": 97.57555390640822, "EyeCatch": 944.943173535639, "Oyekoya": 390.30221562563287, "Andrist": 654.0990658279078, "Goude": 1261.6851885755698, "Jin": 776.6544868973574, "Itti": 778.6655017120709, "Pejsa": 620.8386749262551, "Proposed": 223.75440076313498, "Proposed_graph": 473.02211924072935}, "participant_2_tennis_condition_pilot": {"GT": 61.40604962321211, "EyeCatch": 683.6520622364491, "Oyekoya": 245.62419849284845, "Andrist": 426.5595169474806, "Goude": 474.7817950127816, "Jin": 514.5748134933485, "Itti": 552.6714913114716, "Pejsa": 459.44611573987777, "Proposed": 823.24326496927, "Proposed_graph": 212.61280333721655}}