{"participant_0_see_through_task": {"GT": 4.765822648661102e-36, "EyeCatch": 167.22307632227233, "Oyekoya": 62.23414016006458, "Andrist": 60.2375580839601, "Goude": 69.75611104478455, "Jin": 723.6309119732426, "Itti": 79.64476107327421, "Pejsa": 90.27271404848588, "Proposed": 78.03327924931318, "Proposed_graph": 62.21256713655198}, "participant_1_see_through_task": {"GT": 7.950175209028837e-38, "EyeCatch": 303.60601085117395, "Oyekoya": 693.9412274480962, "Andrist": 183.96104112845413, "Goude": 355.3062348224339, "Jin": 210.13574894193883, "Itti": 105.35178035126397, "Pejsa": 203.99674847770436, "Proposed": 468.5817579825845, "Proposed_graph": 694.1861282619132}, "participant_2_see_through_task": {"GT": 1.0430362928433887e-35, "EyeCatch": 940.8377515021014, "Oyekoya": 86.52403166492591, "Andrist": 667.4066867419608, "Goude": 947.5556818198003, "Jin": 639.0618268338616, "Itti": 987.4992740797663, "Pejsa": 772.5979100829646, "Proposed": 529.5715998177401, "Proposed_graph": 86.02772813629699}, "participant_3_see_through_task": {"GT": 7.80826162636823e-36, "EyeCatch": 461.20516497805824, "Oyekoya": 398.497864315625, "Andrist": 250.0059511252018, "Goude": 361.76452551270745, "Jin": 532.9665999687943, "Itti": 265.3344114104812, "Pejsa": 256.05545800025305, "Proposed": 289.2861546912662, "Proposed_graph": 399.16723336824566}, "participant_4_see_through_task": {"GT": 6.960618995759112e-36, "EyeCatch": 249.19545114643128, "Oyekoya": 489.0423888068364, "Andrist": 235.43134754933052, "Goude": 337.6354105125239, "Jin": 633.309889915491, "Itti": 281.27307158432063, "Pejsa": 209.93123613178233, "Proposed": 160.4712826910932, "Proposed_graph": 488.46203892718535}}