{"participant_0_see_through_task": {"GT": 4.765822648661102e-36, "EyeCatch": 167.22307632227233, "Oyekoya": 62.23414016006458, "Andrist": 60.2375580839601, "Goude": 69.75611104478455, "Jin": 723.6309119732426, "Itti": 79.64476107327421, "Pejsa": 90.27271404848588, "Proposed": 78.03327924931318, "Proposed_graph": 62.21256713655198}}