{"participant_0_wackamole": {"GT": 6.376558514722475, "EyeCatch": 2147.302757419495, "Oyekoya": 2190.33296204978, "Andrist": 1502.4336999076481, "Goude": 2431.5802001410816, "Jin": 1824.6106963033558, "Itti": 754.5334282241723, "Pejsa": 880.492375887582, "Proposed": 2491.8526738960013, "Proposed_graph": 2148.59435652056}, "participant_1_wackamole": {"GT": 1.615523439076006, "EyeCatch": 2299.0538683794857, "Oyekoya": 2096.5589027794076, "Andrist": 2143.9513985873114, "Goude": 2945.9430905066947, "Jin": 1574.6247702192754, "Itti": 1483.1610803909646, "Pejsa": 1440.8413180226992, "Proposed": 2960.4092140994953, "Proposed_graph": 1955.7243074190396}, "participant_2_wackamole": {"GT": 0.6099975637006405, "EyeCatch": 2038.1738823639198, "Oyekoya": 1467.6079321186176, "Andrist": 3254.667425332597, "Goude": 2458.0777066706396, "Jin": 1238.9264606591842, "Itti": 1658.3005596936741, "Pejsa": 1399.2157838449677, "Proposed": 211931.7570006222, "Proposed_graph": 212582.4354448981}}