{"participant_1_double_look_condition_pilot": {"GT": 105.61664372172397, "EyeCatch": 299.27117531894953, "Oyekoya": 422.4665748868959, "Andrist": 242.84506648206127, "Goude": 1088.7804513313745, "Jin": 350.7470625138282, "Itti": 312.25467307624643, "Pejsa": 235.37114681138192, "Proposed": 1043.5616444900654, "Proposed_graph": 164.76408327699616}, "participant_1_onward_condition_pilot": {"GT": 201.46590388860926, "EyeCatch": 1187.6210201882093, "Oyekoya": 805.863615554437, "Andrist": 410.959343269218, "Goude": 2656.565151403705, "Jin": 663.4035551606696, "Itti": 357.65088625942883, "Pejsa": 299.62423725672403, "Proposed": 436.0701958185344, "Proposed_graph": 312.6691381003281}, "participant_1_random_condition": {"GT": 255.325897691939, "EyeCatch": 1956.287053866269, "Oyekoya": 1021.303590767756, "Andrist": 2210.241257541258, "Goude": 3306.9076812687567, "Jin": 1351.871576940941, "Itti": 1462.0314190361455, "Pejsa": 1216.2223516072634, "Proposed": 679.5937789670166, "Proposed_graph": 898.5442442009909}, "participant_1_tennis_condition_pilot": {"GT": 94.43346598829457, "EyeCatch": 305.0217491188332, "Oyekoya": 377.7338639531783, "Andrist": 653.765253498071, "Goude": 407.7337260982381, "Jin": 4453.364894574288, "Itti": 651.266687382409, "Pejsa": 509.19010130669386, "Proposed": 1027.2969312306236, "Proposed_graph": 411.4827019651351}}