{"participant_0_wackamole": {"GT": 6.376558514722475, "EyeCatch": 2147.302757419495, "Oyekoya": 2190.33296204978, "Andrist": 1502.4336999076481, "Goude": 2525.619483809077, "Jin": 1824.6106963033558, "Itti": 754.5334282241723, "Pejsa": 880.492375887582, "Proposed": 2491.8526738960013, "Proposed_graph": 692.0156541575126}, "participant_1_wackamole": {"GT": 1.615523439076006, "EyeCatch": 2299.0538683794857, "Oyekoya": 2096.5589027794076, "Andrist": 2143.9513985873114, "Goude": 2502.0066578765823, "Jin": 1574.6247702192754, "Itti": 1483.1610803909646, "Pejsa": 1440.8413180226992, "Proposed": 2960.4092140994953, "Proposed_graph": 1131.1584000255382}, "participant_2_wackamole": {"GT": 0.6099975637006405, "EyeCatch": 2038.1738823639198, "Oyekoya": 1467.6079321186176, "Andrist": 3254.667425332597, "Goude": 1939.1954785278115, "Jin": 1238.9264606591842, "Itti": 1658.3005596936741, "Pejsa": 1399.2157838449677, "Proposed": 211931.7570006222, "Proposed_graph": 212168.7231096065}, "participant_3_wackamole": {"GT": 9.990880700582913, "EyeCatch": 2520.8888567030344, "Oyekoya": 2176.1421135014402, "Andrist": 3925.5438637814586, "Goude": 2766.081089720355, "Jin": 1785.6428022689033, "Itti": 1886.0136734222344, "Pejsa": 1894.866051777908, "Proposed": 2496.1099119728574, "Proposed_graph": 1488.9761515188097}, "participant_4_wackamole": {"GT": 0.29759259923781906, "EyeCatch": 1440.9924347834572, "Oyekoya": 1911.1531472522734, "Andrist": 1596.7989434867504, "Goude": 3131.127326436773, "Jin": 1921.6332321608475, "Itti": 678.8909890321517, "Pejsa": 673.4034214683237, "Proposed": 5349.995261442163, "Proposed_graph": 589.7653172708852}, "participant_5_wackamole": {"GT": 3.424061320456139, "EyeCatch": 1568.4873270913354, "Oyekoya": 1597.9117713020487, "Andrist": 2573.18458157965, "Goude": 3108.184852632217, "Jin": 3625.0476534623895, "Itti": 1247.54997802476, "Pejsa": 1202.0834039400515, "Proposed": 2972.09690130183, "Proposed_graph": 1043.3306300437864}}