{"participant_0_double_look_condition_pilot": {"GT": 1.2182708477436524e-35, "EyeCatch": 137.3528763149331, "Oyekoya": 316.3645492386357, "Andrist": 86.90759698656582, "Goude": 507.2724023676917, "Jin": 337.65308321073945, "Itti": 93.06365949914202, "Pejsa": 73.78951266326787, "Proposed": 170.5570094549164, "Proposed_graph": 80.17557706894976}, "participant_0_onward_condition_pilot": {"GT": 3.7953411422638506e-35, "EyeCatch": 365.63214452416213, "Oyekoya": 808.2821157883735, "Andrist": 293.98687304094557, "Goude": 1501.352045924669, "Jin": 265.5974073015019, "Itti": 160.45761978509233, "Pejsa": 211.39400721653692, "Proposed": 489.06172683881584, "Proposed_graph": 160.08981098184174}, "participant_0_random_condition": {"GT": 6.152788409211218e-35, "EyeCatch": 760.6521629245492, "Oyekoya": 1194.8998807696603, "Andrist": 575.2629908977386, "Goude": 812.3751768669921, "Jin": 668.6581535523288, "Itti": 530.5717178949126, "Pejsa": 554.5615903523342, "Proposed": 946.8410262937541, "Proposed_graph": 452.87014695799087}, "participant_0_tennis_condition_pilot": {"GT": 7.754230552708596e-36, "EyeCatch": 148.76632737044218, "Oyekoya": 169.25984830103133, "Andrist": 220.15769731383006, "Goude": 264.504799401299, "Jin": 295.9760675436805, "Itti": 262.80562895703434, "Pejsa": 189.92587790118668, "Proposed": 376.08266131368225, "Proposed_graph": 166.3820264717355}}