{"participant_0_see_through_task": {"GT": 4.765822648661102e-36, "EyeCatch": 167.22307632227233, "Oyekoya": 62.23414016006458, "Andrist": 60.2375580839601, "Goude": 61.506960487767444, "Jin": 723.6309119732426, "Itti": 79.64476107327421, "Pejsa": 90.27271404848588, "Proposed": 78.03327924931318, "Proposed_graph": 62.206992061309734}, "participant_1_see_through_task": {"GT": 7.950175209028837e-38, "EyeCatch": 303.60601085117395, "Oyekoya": 693.9412274480962, "Andrist": 183.96104112845413, "Goude": 385.416586796167, "Jin": 210.13574894193883, "Itti": 105.35178035126397, "Pejsa": 203.99674847770436, "Proposed": 468.5817579825845, "Proposed_graph": 694.1398227903877}}