{"time": [0.0, 0.03333333333333333, 0.06666666666666667, 0.1, 0.13333333333333333, 0.16666666666666666, 0.2, 0.23333333333333334, 0.26666666666666666, 0.3, 0.3333333333333333, 0.36666666666666664, 0.4, 0.43333333333333335, 0.4666666666666667, 0.5, 0.5333333333333333, 0.5666666666666667, 0.6, 0.6333333333333333, 0.6666666666666666, 0.7, 0.7333333333333333, 0.7666666666666666, 0.8, 0.8333333333333334, 0.8666666666666667, 0.9, 0.9333333333333333, 0.9666666666666667, 1.0, 1.0333333333333332, 1.0666666666666667, 1.1, 1.1333333333333333, 1.1666666666666667, 1.2, 1.2333333333333334, 1.2666666666666666, 1.3, 1.3333333333333333, 1.3666666666666667, 1.4, 1.4333333333333333, 1.4666666666666666, 1.5, 1.5333333333333332, 1.5666666666666667, 1.6, 1.6333333333333333, 1.6666666666666667, 1.7, 1.7333333333333334, 1.7666666666666666, 1.8, 1.8333333333333333, 1.8666666666666667, 1.9, 1.9333333333333333, 1.9666666666666666, 2.0, 2.033333333333333, 2.0666666666666664, 2.1, 2.1333333333333333, 2.1666666666666665, 2.2, 2.2333333333333334, 2.2666666666666666, 2.3, 2.3333333333333335, 2.3666666666666667, 2.4, 2.433333333333333, 2.466666666666667, 2.5, 2.533333333333333, 2.5666666666666664, 2.6, 2.6333333333333333, 2.6666666666666665, 2.7, 2.7333333333333334, 2.7666666666666666, 2.8, 2.8333333333333335, 2.8666666666666667, 2.9, 2.933333333333333, 2.966666666666667, 3.0, 3.033333333333333, 3.0666666666666664, 3.1, 3.1333333333333333, 3.1666666666666665, 3.2, 3.2333333333333334, 3.2666666666666666, 3.3, 3.3333333333333335, 3.3666666666666667, 3.4, 3.433333333333333, 3.466666666666667, 3.5, 3.533333333333333, 3.5666666666666664, 3.6, 3.6333333333333333, 3.6666666666666665, 3.6999999999999997, 3.7333333333333334, 3.7666666666666666, 3.8, 3.8333333333333335, 3.8666666666666667, 3.9, 3.933333333333333, 3.966666666666667, 4.0, 4.033333333333333, 4.066666666666666, 4.1, 4.133333333333333, 4.166666666666667], "ball_0_positions": [[5.2552618299211815, 19.03212627129895], [5.812869071960449, 18.89646358788012], [6.512317657470703, 18.23817017887319], [11.36210305350167, 13.579061041985227], [13.012016160147539, 8.814942847405149], [15.0322927747454, 2.8582495770284027], [17.308817931583945, -4.244840326053762], [19.300825595855713, -12.23724345011371], [22.39889451435633, -20.184433726327768], [25.340959003993447, -27.61319016771658], [26.90134968076434, -35.32753979521139], [28.916506086077007, -42.057919129729285], [31.27074377877372, -46.42667435109615], [33.83545671190534, -48.24877212090152], [36.14246811185565, -47.25274568157536], [38.608135495867046, -43.05934370628425], [39.99724183763776, -35.89933311300619], [41.15470136914935, -25.62847466341087], [39.739260332924985, -13.657008718167035], [36.090145111083984, -1.4825332696948834], [31.832017217363628, 8.54912252298422], [27.06799711499896, 18.187373546617366], [22.846362590789795, 26.33936370057718], [18.516260555812295, 33.135297181350836], [14.446644442422041, 39.10524784454277], [10.31473159790039, 43.37264545261859], [6.200840132577071, 46.19722593043531], [1.915046146937783, 47.73470444338661], [-2.0899690900530175, 48.248772120901506], [-6.146417345319463, 47.35741045858178], [-9.904244286673418, 45.00838219055107], [-14.206560679844443, 40.99490911832877], [-18.17732334136963, 35.92304422387054], [-22.27863652365548, 29.378857516816673], [-26.92222799573625, 21.34408257901668], [-31.045015198843828, 12.547734049814082], [-35.07246494293213, 3.4897488674947112], [-37.78014319283622, -4.453093931078925], [-40.19057750701904, -12.816793716379578], [-40.72036130087716, -20.823002553411897], [-41.04954651423864, -28.340135099632406], [-40.685487474713995, -33.1356788213764], [-39.9510199683053, -36.27084818269526], [-40.24103777749198, -37.10250157330718], [-38.67019721439905, -34.632650326405255], [-40.46165738786971, -32.32500068843366], [-41.154701369149336, -26.613732416714953], [-41.09520639692033, -18.730540413941668], [-38.737102236066534, -9.723462217620451], [-36.09299285071236, -0.517157582300058], [-32.815589904785156, 7.722298832876334], [-29.675814424242304, 15.530961251684587], [-26.132424218314043, 21.91055995013032], [-23.054278237479082, 27.500767292720923], [-19.83781916754586, 32.031570087586125], [-16.168903623308466, 35.38096049002238], [-12.905203955514082, 37.49502006386007], [-9.462716920035234, 39.02356969458715], [-5.9635346276419625, 39.295897153871394], [-2.2765547888619437, 38.45763575817857], [1.4691536767142281, 36.73264066023485], [5.241148812430254, 34.020898608224726], [9.361583845955977, 30.263018597449566], [13.180391447884688, 24.861086234450333], [17.17747960771834, 18.45045629356588], [21.245208467755987, 10.40144802204199], [25.20331314631872, 1.071667894721017], [28.252241952078677, -8.63403512963228], [30.650120462690083, -16.35526174945491], [31.785271167755127, -24.077917795096127], [32.30380807604108, -30.72762452065946], [33.84171111243111, -35.66782820437636], [34.89517552512032, -38.840832231300226], [35.14675651277814, -39.77677795503821], [36.8005279132298, -38.53238949818271], [38.03914444787162, -35.01528698418822], [38.5451510974339, -28.413659429975922], [38.52223430361066, -19.803752398916657], [36.702611446380615, -9.971413282411447], [32.721649238041465, -0.38662634789945116], [27.023347786494668, 6.014120610696921], [18.754666532788946, 7.114895741854383], [13.122581413814004, 8.98820282093115], [9.539907319205156, 11.235866578561911], [6.550595079149531, 12.953827200191355], [3.4227398463658005, 14.836908057332025], [0.6416518347603812, 16.64242690162999], [-1.131309781755732, 18.646996596029823], [-3.0526951381138474, 21.085248451147756], [-4.653772626604365, 22.16026546699659], [-6.4611993517194435, 21.77637727132865], [-8.920536722455694, 21.73387671155588], [-10.485777854919434, 22.201431723577628], [-12.2642183303833, 21.579724603465614], [-13.742112432207392, 19.865917765668456], [-15.790972709655762, 17.168803906866472], [-18.04026194981165, 12.982181214860503], [-19.27436419895716, 8.451907198343946], [-20.003479548862998, 3.527597902076579], [-19.6382290976388, -1.846614405512824], [-18.539042472839355, -6.872478457433843], [-17.992775099618086, -10.642170916710583], [-17.075629234313965, -14.125305169395048], [-16.74312114715576, -17.890095508524354], [-16.438636779785156, -21.521931428994463], [-16.007103579384932, -24.47057652686324], [-14.700908660888672, -23.65184831832137], [-14.137045996529707, -21.875204795173246], [-13.652136325836182, -20.816926200475024], [-13.245501177651533, -20.757126542074346], [-12.969811984470908, -18.9740043346371], [-11.239649227687295, -17.699473212872235], [-10.932008538927363, -16.063575542398866], [-10.337637151990606, -15.036413829241482], [-8.844317027500693, -12.852350611771868], [-8.018102645874023, -10.425045330609606], [-8.166949408394942, -7.191834141101168], [-8.29660688127791, -2.627380926694201], [-7.594035693577354, 2.5699406542948253], [-6.460165296282099, 7.8485952424151435], [-5.142177854265498, 14.008396874581052], [-2.722473825727178, 17.176672358598026], [0.13683046613419947, 18.32229479082993], [1.8159403119768456, 17.39922826843602], [2.9019958632332816, 15.204380271690226], [2.698820318494512, 12.754267400928896]],