{"cam_pos": [160.74550291264163, 54.921948453140644, 505.74513611526373], "object_pos": {"nurbsSphere3": [[12.06758431025915, 125.49798208262239, 30.0], [8.969773292541504, 127.55601684323378, 30.0], [0.18800067901611328, 131.7756257631949, 30.0], [-4.11958653586251, 151.25193199728216, 30.0], [-6.1863535472325, 158.24277628106728, 30.0], [-8.384031159537187, 164.0020718808685, 30.0], [-10.559127943856367, 168.26411365398337, 30.0], [-12.706003597804482, 171.35903125788485, 30.0], [-14.535439763750361, 173.0828229252781, 30.0], [-16.61738164084298, 173.54180345152105, 30.0], [-18.348016057695673, 172.55700849422385, 30.0], [-20.03380598340715, 170.38237396946974, 30.0], [-21.905065400259843, 167.01417635806968, 30.0], [-23.425390107291093, 162.2124376531158, 30.0], [-25.034726960318437, 156.07413764297962, 30.0], [-27.04361629486084, 149.902739786676, 30.0], [-27.53714438847132, 145.6796694376639, 30.0], [-27.061606407165527, 142.02704333194663, 30.0], [-25.965530531746992, 138.37983375574862, 30.0], [-24.908596720014287, 134.13258490179265, 30.0], [-23.59835938044958, 129.84536040467873, 30.0], [-22.13710580553328, 125.28818490462643, 30.0], [-20.790159089224687, 121.35573665371962, 30.0], [-19.16585663386755, 117.68307398685387, 30.0], [-17.677781377519892, 114.70827551186083, 30.0], [-16.010053498404375, 113.03631331878049, 30.0], [-13.583023207528242, 113.52399409455911, 30.0], [-11.063871247427812, 116.4960539575134, 30.0], [-8.513078008379267, 122.59820759935037, 30.0], [-5.5762265069144235, 131.87310122379233, 30.0], [-3.74376910073417, 142.26460918997014, 30.0], [-2.0085112707955375, 151.12561926458562, 30.0], [-0.6178415843418747, 159.52637146839072, 30.0], [1.9507292338780076, 165.93307109177113, 30.0], [3.242659296308233, 171.0907852202654, 30.0], [5.211752619062139, 175.24268292316367, 30.0], [7.1665375573294625, 178.00536955041542, 30.0], [8.855639730181025, 179.531563646027, 30.0], [10.720617975507452, 179.75009440311362, 30.0], [12.842610904148643, 178.71590419113636, 30.0], [15.172127723693848, 176.3212767222098, 30.0], [17.013195991516113, 172.23150541739804, 30.0], [19.310600689479287, 167.0049756148032, 30.0], [21.701387541634688, 160.46610991231032, 30.0], [24.706427846636103, 152.3740088492632, 30.0], [27.03204877035958, 143.395641248141, 30.0], [29.106292043413433, 137.21568086104733, 30.0], [29.414188793727334, 132.17484513989515, 30.0], [29.758409091404502, 127.5785437205008, 30.0], [30.010404723031186, 123.15395088493823, 30.0], [28.99068709782192, 119.27761015508855, 30.0], [27.269132750374936, 116.08579920658043, 30.0], [26.085553714207236, 113.52651935602937, 30.0], [23.38918181828089, 110.90178318321703, 30.0], [21.605510575430742, 109.21059368976525, 30.0], [19.15248748234339, 108.27865265735558, 30.0], [16.87669086456299, 108.59886611146585, 30.0], [13.35046373094832, 111.21992934388773, 30.0], [10.302369117736816, 116.36180127305643, 30.0], [7.68439252035958, 123.39335413277148, 30.0], [4.36180319104875, 132.40213706450803, 30.0], [1.5076859337943063, 142.45454269434725, 30.0], [-0.5623737062726661, 151.91323967278004, 30.0], [-3.012341226850225, 160.4652749023267, 30.0], [-4.798659324645996, 167.14636818638868, 30.0], [-6.952823230198447, 172.58114745574338, 30.0], [-9.137794630868086, 176.92739741078444, 30.0], [-10.890745026724687, 180.01165944124972, 30.0], [-12.838545799255371, 181.52590222656727, 30.0], [-14.472431864057256, 181.8143678286246, 30.0], [-16.4297116143363, 180.94284087206637, 30.0], [-18.23821490151542, 178.61686170739785, 30.0], [-20.268141746520996, 174.6153439687831, 30.0], [-21.86834948403495, 169.79217180822576, 30.0], [-23.462629181998125, 163.7890284636191, 30.0], [-25.08134365081787, 155.8720201658351, 30.0], [-26.648621831621455, 148.06702367535658, 30.0], [-26.99603830065047, 144.4115890668971, 30.0], [-25.437392234802246, 141.14273281395435, 30.0], [-22.916213035583496, 137.21611307987143, 30.0], [-20.694754600524902, 133.38264845737388, 30.0], [-18.87609876905168, 128.88218374550343, 30.0], [-16.878646986825117, 124.37868430571896, 30.0], [-14.857620375496992, 119.72007900263581, 30.0], [-12.912069184439531, 115.7114167788199, 30.0], [-11.427404267447343, 113.47150433702127, 30.0], [-9.056427138192305, 114.30921798731599, 30.0], [-6.492963654654375, 117.97715199632303, 30.0], [-4.22104004451208, 124.54707675959382, 30.0], [-2.155031612941201, 133.73355680491244, 30.0], [-0.8681304114205375, 143.50344030133314, 30.0], [-0.12277998243058619, 151.4708002528974, 30.0], [0.8926837103707328, 159.11228284452642, 30.0], [2.190159252711709, 164.84687575910772, 30.0], [3.3986880438668265, 169.43736521473951, 30.0], [4.1725408009120315, 173.02751822769642, 30.0], [5.096657752990723, 175.31292951745644, 30.0], [5.9953066962105765, 176.0741128474474, 30.0], [7.011689186096191, 175.71438447705336, 30.0], [7.995047296796514, 174.03843943348951, 30.0], [9.01049791063582, 170.60689693476473, 30.0], [10.08096190861292, 166.04270937400204, 30.0], [12.018077169145869, 160.44051244216305, 30.0], [13.462586402893066, 153.05728427640028, 30.0], [14.505666324070518, 144.84396974316664, 30.0], [16.23824133191789, 136.01724289783408, 30.0], [17.686999593462275, 130.82791702023573, 30.0], [18.249337741306846, 125.5189437759774, 30.0], [18.494426046098994, 121.04186486133507, 30.0], [19.37305763789587, 117.36642495862074, 30.0], [19.27792453765869, 113.76553820499352, 30.0], [19.48746095384871, 110.99085520633629, 30.0], [18.909552301679327, 108.81425270651067, 30.0], [17.666266168866827, 107.41703822570187, 30.0], [15.379136630467002, 107.2617245295218, 30.0], [12.980904579162598, 108.73600822474275, 30.0], [9.458550453186035, 112.53116722404955, 30.0], [5.734100205557695, 119.56335829624108, 30.0], [2.25751263754708, 128.68653759573186, 30.0], [-0.9800667081560448, 139.07568215259482, 30.0], [-3.104358264378135, 148.2819688554321, 30.0], [-5.163477352687295, 156.44850075883522, 30.0], [-7.837821006774902, 162.95306575936928, 30.0], [-10.248809950692305, 168.35543505421705, 30.0], [-12.805174827575684, 172.48563077407223, 30.0], [-15.285148756844649, 175.01279400714805, 30.0]],