{"time": [0.0, 0.03333333333333333, 0.06666666666666667, 0.1, 0.13333333333333333, 0.16666666666666666, 0.2, 0.23333333333333334, 0.26666666666666666, 0.3, 0.3333333333333333, 0.36666666666666664, 0.4, 0.43333333333333335, 0.4666666666666667, 0.5, 0.5333333333333333, 0.5666666666666667, 0.6, 0.6333333333333333, 0.6666666666666666, 0.7, 0.7333333333333333, 0.7666666666666666, 0.8, 0.8333333333333334, 0.8666666666666667, 0.9, 0.9333333333333333, 0.9666666666666667, 1.0, 1.0333333333333332, 1.0666666666666667, 1.1, 1.1333333333333333, 1.1666666666666667, 1.2, 1.2333333333333334, 1.2666666666666666, 1.3, 1.3333333333333333, 1.3666666666666667, 1.4, 1.4333333333333333, 1.4666666666666666, 1.5, 1.5333333333333332, 1.5666666666666667, 1.6, 1.6333333333333333, 1.6666666666666667, 1.7, 1.7333333333333334, 1.7666666666666666, 1.8, 1.8333333333333333, 1.8666666666666667, 1.9, 1.9333333333333333, 1.9666666666666666, 2.0, 2.033333333333333, 2.0666666666666664, 2.1, 2.1333333333333333, 2.1666666666666665, 2.2, 2.2333333333333334, 2.2666666666666666, 2.3, 2.3333333333333335, 2.3666666666666667, 2.4, 2.433333333333333, 2.466666666666667, 2.5, 2.533333333333333, 2.5666666666666664, 2.6, 2.6333333333333333, 2.6666666666666665, 2.7, 2.7333333333333334, 2.7666666666666666, 2.8, 2.8333333333333335, 2.8666666666666667, 2.9, 2.933333333333333, 2.966666666666667, 3.0, 3.033333333333333, 3.0666666666666664, 3.1, 3.1333333333333333, 3.1666666666666665, 3.2, 3.2333333333333334, 3.2666666666666666, 3.3, 3.3333333333333335, 3.3666666666666667, 3.4, 3.433333333333333, 3.466666666666667, 3.5, 3.533333333333333, 3.5666666666666664, 3.6, 3.6333333333333333, 3.6666666666666665, 3.6999999999999997, 3.7333333333333334, 3.7666666666666666, 3.8, 3.8333333333333335, 3.8666666666666667, 3.9, 3.933333333333333, 3.966666666666667, 4.0, 4.033333333333333, 4.066666666666666, 4.1, 4.133333333333333, 4.166666666666667], "ball_0_positions": [[4.087425867716476, 14.802764877676964], [4.521120389302581, 14.697249457240105], [5.065135955810547, 14.185243472456932], [8.83719126383464, 10.561491921544075], [10.120457013448089, 6.856066659092903], [11.691783269246429, 2.2230830043554306], [13.462413946787521, -3.3015424758195877], [15.011753241221115, -9.517856016755104], [17.42136240005493, -15.699004009366035], [19.70963478088379, -21.476925686001778], [20.923271973927825, -27.47697539627552], [22.490615844726562, -32.71171487867832], [24.32168960571289, -36.10963560640812], [26.316466331481934, -37.52682276070118], [28.110808531443283, -36.752135530114174], [30.02854983011882, -33.490600660443306], [31.10896587371826, -27.921703532338142], [32.00921217600505, -19.933258071541786], [30.908313592274993, -10.622117891907692], [28.070112864176437, -1.1530814319849014], [24.75823561350505, 6.649317517876625], [21.05288664499919, 14.1457349807024], [17.769393126169845, 20.486171767115593], [14.401535987854004, 25.771897807717323], [11.236279010772705, 30.415192767977715], [8.022569020589202, 33.73427979648113], [4.822875658671066, 35.93117572367191], [1.489480336507171, 37.12699234485626], [-1.6255315144856723, 37.52682276070118], [-4.78054682413736, 36.833541467785835], [-7.703301111857087, 35.006519481539726], [-11.049547195434556, 31.884929314255714], [-14.137918154398605, 27.940145507454872], [-17.327828407287583, 22.850222513079643], [-20.93951066335042, 16.600953117012978], [-24.146122932434068, 9.759348705410957], [-27.278583844502762, 2.7142491191625595], [-29.384555816650376, -3.463517501950264], [-31.259338061014816, -9.968617334961891], [-31.671392122904464, -16.195668652653694], [-31.92742506663005, -22.04232729971409], [-31.644268035888658, -25.772194638848305], [-31.07301553090413, -28.210659697651863], [-31.298584938049302, -28.857501223683357], [-30.076820055643722, -26.936505809426308], [-31.470177968343094, -25.14166720211506], [-32.00921217600505, -20.699569657444954], [-31.962938308715806, -14.568198099732399], [-30.12885729471843, -7.56269283592701], [-28.07232777277629, -0.40223367512226105], [-25.523236592610672, 6.006232425570488], [-23.08118899663289, 12.07963652908802], [-20.325218836466476, 17.041546627879143], [-17.931105295817062, 21.38948567211628], [-15.429414908091232, 24.91344340145588], [-12.575813929239914, 27.518524825572968], [-10.037380854288742, 29.16279338300228], [-7.359890937805176, 30.351665318012238], [-4.638304710388184, 30.5634755641222], [-1.7706537246704102, 29.911494478583336], [1.1426750818888394, 28.569831624627113], [4.07644907633464, 26.460698917508125], [7.281231880187988, 23.537903353571892], [10.251415570576995, 19.336400404572487], [13.360261917114258, 14.35035489499569], [16.524051030476897, 8.09001512825489], [19.602576891581222, 0.8335194736719131], [21.973965962727874, -6.715360656380653], [23.838982582092285, -12.720759138464928], [24.721877574920654, -18.727269396185875], [25.125184059143066, -23.89926351606846], [26.321330865224212, -27.74164415895939], [27.140692075093597, -30.20953617990017], [27.336366176605225, -30.937493965029716], [28.62263282140097, -29.969636276364326], [29.58600123723349, -27.234112098813057], [29.979561964670822, -22.09951288998127], [29.96173779169719, -15.40291853249073], [28.54647556940715, -7.755543664097786], [25.450171629587814, -0.3007093816995621], [21.01815938949585, 4.677649363875389], [14.58696285883586, 5.533807799220085], [10.206452210744231, 6.990824416279793], [7.419927914937347, 8.739007338881493], [5.094907283782959, 10.07519893348217], [2.6621309916178433, 11.53981737792492], [0.49906253814697266, 12.944109812378883], [-0.8799076080322266, 14.503219574689865], [-2.3743184407552036, 16.399637684226036], [-3.619600931803376, 17.235762029886246], [-5.02537727355957, 16.93718232214451], [-6.93819522857666, 16.904126331210136], [-8.155604998270661, 17.267780229449272], [-9.538836479186998, 16.78423024713993], [-10.688309669494615, 15.451269373297691], [-12.281867663065597, 13.353514149785042], [-14.031314849853501, 10.097252056002617], [-14.991172154744461, 6.5737055987119675], [-15.558261871337876, 2.743687257170677], [-15.274178187052414, -1.4362556487321854], [-14.419255256652818, -5.34526102244854], [-13.9943806330363, -8.277244046330452], [-13.281044960021958, -10.98634846508503], [-13.022427558898912, -13.914518728852272], [-12.78560638427733, -16.739280000329018], [-12.449969450632736, -19.032670632004738], [-11.434040069580064, -18.39588202536106], [-10.995480219523117, -17.01404817402363], [-10.618328253428146, -16.190942600369453], [-10.30205647150676, -16.14443175494671], [-10.087631543477372, -14.757558926939964], [-8.741949399312333, -13.76625694334507], [-8.502673308054597, -12.493892088532448], [-8.040384451548249, -11.694988533854485], [-6.878913243611649, -9.996272698044777], [-6.236302057902009, -8.108368590474129], [-6.352071762084961, -5.59364877641201], [-6.452916463216141, -2.0435184985399246], [-5.906472206115723, 1.9988427311182022], [-5.024573008219392, 6.104462966322899], [-3.999471664428711, 10.895419791340828], [-2.1174796422322544, 13.359634056687355], [0.10642369588217093, 14.250673726201057], [1.412398020426437, 13.532733097672462], [2.2571078936259, 11.825629100203514], [2.0990824699401855, 9.919985756278038]],